user_title,language
기생충,ko
올드보이,ko
아저씨,ko
부산행,ko
곡성,ko
밀정,ko
택시운전사,ko
1987,ko
국제시장,ko
군함도,ko
신과함께-죄와벌,ko
신과함께-인과연,ko
덕혜옹주,ko
광해 왕이 된 남자,ko
사도,ko
암살,ko
내부자들,ko
베테랑,ko
명량,ko
도둑들,ko
완득이,ko
써니,ko
건축학개론,ko
강철비,ko
공작,ko
극한직업,ko
늑대소년,ko
도가니,ko
청년경찰,ko
특별시민,ko
허스토리,ko
박열,ko
눈길,ko
동주,ko
오아시스,ko
밀양,ko
피에타,ko
버닝,ko
남한산성,ko
판도라,ko
해무,ko
미쓰백,ko
소원,ko
수상한 그녀,ko
숨바꼭질,ko
살인의 추억,ko
봄 여름 가을 겨울 그리고 봄,ko
괴물,ko
왕의 남자,ko
클래식,ko
내 머리 속의 지우개,ko
엽기적인 그녀,ko
비밀은 없다,ko
두근두근 내 인생,ko
어린 의뢰인,ko
말모이,ko
검사외전,ko
친절한 금자씨,ko
장화 홍련,ko
전우치,ko
추격자,ko
황해,ko
아수라,ko
대호,ko
고지전,ko
블라인드,ko
파수꾼,ko
해운대,ko
7번방의 선물,ko
신세계,ko
끝까지 간다,ko
완벽한 타인,ko
화차,ko
독전,ko
마약왕,ko
안시성,ko
봉오동 전투,ko
82년생 김지영,ko
변호인,ko
설국열차,ko
더 테러 라이브,ko
관상,ko
범죄도시,ko
서울의 봄,ko
극비수사,ko
히말라야,ko
나쁜 녀석들: 더 무비,ko
공조,ko
택배기사,ko
발신제한,ko
The Dark Knight,en
Inception,en
Interstellar,en
The Avengers,en
Iron Man,en
Spider-Man,en
The Matrix,en
The Godfather,en
Pulp Fiction,en
Fight Club,en
Forrest Gump,en
The Shawshank Redemption,en
Schindler's List,en
Gladiator,en
Titanic,en
Avatar,en
Jurassic Park,en
Home Alone,en
The Lion King,en
Toy Story,en
Finding Nemo,en
WALL-E,en
Up,en
Frozen,en
La La Land,en
Whiplash,en
Dunkirk,en
1917,en
Joker,en
Bohemian Rhapsody,en
Black Panther,en
Doctor Strange,en
Thor,en
Guardians of the Galaxy,en
Avengers: Endgame,en
Avengers: Infinity War,en
Captain America: The First Avenger,en
The Dark Knight Rises,en
Batman Begins,en
Man of Steel,en
Transformers,en
Pirates of the Caribbean: The Curse of the Black Pearl,en
Mission: Impossible,en
John Wick,en
Kill Bill: Volume 1,en
Inglourious Basterds,en
Django Unchained,en
The Social Network,en
The Wolf of Wall Street,en
The Martian,en
Gravity,en
Arrival,en
Blade Runner 2049,en
Get Out,en
It,en
The Conjuring,en
The Grand Budapest Hotel,en
Moonlight,en
Spirited Away,en
Princess Mononoke,en
My Neighbor Totoro,en
Amélie,en
City of God,en
Parasite,en
Oldboy,en
Train to Busan,en
The Lord of the Rings: The Fellowship of the Ring,en
Harry Potter and the Sorcerer's Stone,en
Star Wars: A New Hope,en
Mad Max: Fury Road,en
The Revenant,en
A Star Is Born,en
Roma,en
Pan's Labyrinth,en
Us,en
Birdman,en
The Bourne Identity,en
Ant-Man,en
Captain Marvel,en
Coco,en
